agency_txt,agency
Interfax,Interfax
The Hindu,The Hindu
The Western Mail,The Western Mail
POLITICO,POLITICO
Financial Times,Financial Times
Taipei Times,Taipei Times
Agence Europe,Agence Europe
Business Line (The Hindu),Business Line (The Hindu)
Business Standard,Business Standard
MintAsia,MintAsia
Bloomberg Newsweek,Bloomberg Newsweek
Politico,Politico
The Washington Post,The Washington Post
Nikkei Report,Nikkei Report
Kyodo News,Kyodo News
Deutsche Presse-Agentur,Deutsche Presse-Agentur
Xinhua News Agency,Xinhua News Agency
New York Times,New York Times
MintAsia,MintAsia
The Washington Post,The Washington Post
Nikkei Report,Nikkei Report
Kyodo News,Kyodo News
Deutsche Presse-Agentur,Deutsche Presse-Agentur
Bulletin Quotidien Europe,Bulletin Quotidien Europe
Forbes.com,Forbes.com
Reuters News,Reuters News
Bloomberg News,Bloomberg News
South China Morning Post,South China Morning Post
Investopedia,Investopedia
Sputnik News,Sputnik News
BelTA,BelTA
Mint,Mint
The Hans India,The Hans India
Agence France Presse,Agence France Presse
Unian,Unian
Taipei Times,Taipei Times
Inside U.S. Trade,Inside U.S. Trade
The Baltic Course,The Baltic Course
ITAR-TASS World Service,ITAR-TASS World Service
All Africa,All Africa
Implications for LDCs,Implications for LDCs
The Financial,The Financial
All Africa,All Africa
Business Standard,Business Standard
Bulletin Quotidien Europe,Bulletin Quotidien Europe
Times Of Oman,Times Of Oman
Business Times Singapore,Business Times Singapore
The Hindu,The Hindu
Domain-B,Domain-B
LaPresseAffaires.com,LaPresseAffaires.com
The Times of India,The Times of India
Business Line (The Hindu),Business Line (The Hindu)
India Blooms News Service ,India Blooms News Service 
NDTV ,NDTV 
Millennium Post,Millennium Post
Sputnik News ,Sputnik News 
Yale Global Online,Yale Global Online
Mondaq Business Briefing,Mondaq Business Briefing
China.org.cn (China),China.org.cn (China)
Peoples Daily,Peoples Daily
News International,News International
Business Line The Hindu,Business Line The Hindu
Business Standard,Business Standard
MintAsia,MintAsia
Bulletin Quotidien Europe,Bulletin Quotidien Europe
Politico,Politico
Forbes.com,Forbes.com
Reuters News,Reuters News
The Washington Post,The Washington Post
Nikkei Report,Nikkei Report
Kyodo News,Kyodo News
Bloomberg News  ,Bloomberg News  
Deutsche Presse-Agentur   ,Deutsche Presse-Agentur   
New York Times,New York Times
The Burlington Free Press,The Burlington Free Press
Xinhua News Agency,Xinhua News Agency
The Washington Post,The Washington Post
Agence France Presse,Agence France Presse
South China Morning Post,South China Morning Post
Investopedia,Investopedia
PTI,PTI
Himalaya Times,Himalaya Times
Agence Europe,Agence Europe
Agence Europe,Agence Europe
Sun Herald; The Age,Sun Herald; The Age
Deutsche Welle,Deutsche Welle
Taipei Times,Taipei Times
Business Standard,Business Standard
Bulletin Quotidien Europe,Bulletin Quotidien Europe
Times Of Oman,Times Of Oman
Business Times Singapore,Business Times Singapore
Domain-B,Domain-B
The Hindu,The Hindu
LaPresseAffaires.com,LaPresseAffaires.com
